,User_name,secret,popular,cheap,expensive,rating,['allein'],"['als', 'Paar']",['geschäftlich'],"['mit', 'Freunden']","['mit', 'der', 'Familie']",urban_,history_,science_,relax_,art_architecture_,nature_,water_,excitement_,sport_,peace_and_quiet_,shopping_,culture_,food_
0,115katrind,0,0,1,0,1,0,1,0,0,0,0,1,0,0,0,0,0,1,0,0,0,0,0
1,1411PlanetTraveler,0,0,1,0,1,0,0,0,1,0,1,1,0,0,1,1,1,1,0,0,0,0,0
2,50something54,0,0,1,0,0,0,1,0,0,0,0,1,0,0,1,1,0,0,0,0,0,0,0
3,69favorit,1,0,0,1,1,0,0,0,1,0,0,0,0,0,0,0,0,1,0,0,0,0,0
4,71stephanb,1,0,0,0,1,0,0,0,1,0,1,1,0,0,0,1,0,0,0,0,0,0,1
5,8pairs,0,1,1,0,1,0,0,0,0,1,1,1,0,0,1,1,0,1,0,0,0,0,0
6,Adsharrison,0,0,1,0,0,0,0,0,1,0,0,0,0,0,0,0,0,0,0,0,0,0,0
7,Ajay S,1,0,1,0,1,0,0,0,1,0,0,1,0,0,1,0,0,0,0,0,0,0,1
8,Akshay S,0,0,1,0,1,0,0,0,1,0,0,1,0,0,1,1,1,1,0,0,0,0,0
9,Albin,1,0,1,0,1,1,0,0,0,0,1,1,0,0,1,1,0,0,0,0,0,0,1
10,Alvarez Ra,1,0,0,1,1,0,1,0,0,0,0,1,0,0,1,0,0,0,0,0,0,0,0
11,Andre B,1,1,1,0,1,0,0,0,1,0,0,1,0,0,1,1,0,0,0,0,0,0,0
12,Andrea C,0,0,0,1,1,0,1,0,0,0,1,0,0,0,0,0,0,0,0,0,0,0,1
13,Andrea G,0,0,1,0,1,0,1,0,0,0,0,0,0,0,0,0,0,0,0,0,0,0,1
14,AndreaSF1969,1,0,1,0,1,0,1,0,0,0,1,1,0,0,1,0,1,0,0,0,0,0,1
15,Andrew W,1,0,1,0,0,0,0,0,0,1,0,0,0,0,0,0,0,0,0,0,0,0,1
16,Andy Oram,0,0,1,0,1,0,0,0,1,0,1,1,0,0,1,0,0,0,0,0,0,0,1
17,Andy S,1,0,1,0,1,0,0,0,1,0,0,0,0,0,0,0,0,0,0,0,0,0,1
18,Anish_Barjatya,1,0,1,0,1,1,0,0,0,0,0,1,0,0,1,1,1,0,0,0,0,0,0
19,Anja,0,1,0,1,1,0,1,0,0,0,0,1,0,0,1,0,0,0,0,0,0,0,1
20,Ann S,0,0,0,0,1,0,0,0,1,0,0,1,0,0,0,1,0,0,0,0,0,0,1
21,Anna B,0,1,1,0,1,0,0,0,1,0,0,1,0,0,1,1,0,0,0,0,0,0,0
22,Anna N1,0,1,1,0,1,0,0,0,1,0,1,1,0,0,0,1,1,0,0,0,0,0,0
23,Anna N2,0,1,1,0,1,0,0,0,1,0,1,1,0,0,1,1,1,0,0,0,0,0,0
24,Anne M,0,0,0,0,1,0,0,0,1,0,0,1,0,0,1,1,1,0,0,0,0,0,0
25,Annichen1609,1,0,0,1,1,0,1,0,0,0,1,0,0,0,0,1,1,0,0,0,0,0,1
26,Annie M,0,0,1,0,0,0,1,0,0,0,0,1,0,0,1,1,0,0,0,0,0,0,0
27,Anthony A,0,0,1,0,0,0,0,0,1,0,0,1,0,1,0,1,1,0,0,0,0,0,1
28,Anthony C,0,1,1,0,1,0,0,0,1,0,1,1,0,0,0,1,0,0,0,0,0,0,0
29,Arlei W,0,0,1,0,1,0,0,0,1,0,0,1,0,0,1,1,0,0,0,0,0,0,0
30,Arne S,0,1,0,0,0,0,0,0,1,0,0,1,0,0,1,1,0,0,0,0,0,0,0
31,Arno E,1,0,1,0,1,1,0,0,0,0,0,1,0,0,0,0,0,0,0,0,0,0,0
32,Arnold K,0,0,1,0,1,0,1,0,0,0,1,0,0,0,0,1,0,0,0,0,0,0,0
33,Arvind S,1,0,1,0,1,0,0,0,0,1,0,1,0,0,0,1,1,1,1,0,0,0,0
34,Aspirin1979,0,0,0,0,1,0,1,0,0,0,1,0,0,0,0,0,1,1,0,0,0,0,0
35,AugsburgPalmtree,0,0,0,1,1,0,0,0,1,0,0,0,0,0,0,1,1,0,0,0,0,0,0
36,Barbara W,0,0,0,1,1,0,1,0,0,0,1,1,0,0,1,1,0,1,0,0,0,0,0
37,BarneyWhite4,0,0,1,0,0,0,0,0,1,0,0,1,0,0,0,1,0,0,0,0,0,0,0
38,Bearclyff,0,0,1,0,0,0,1,0,0,0,1,1,0,0,0,1,1,0,0,0,0,0,0
39,Beatrix Usuda,1,0,1,0,1,0,0,0,1,0,1,0,0,0,1,0,1,1,0,0,0,0,0
40,Beobachter73,0,1,1,0,0,0,1,0,0,0,1,1,1,0,1,0,0,0,0,0,0,0,0
41,Bert G,0,1,1,0,1,0,1,0,0,0,0,1,1,0,1,1,0,0,0,0,0,0,0
42,Bianca G,1,0,1,0,1,0,1,0,0,0,1,1,0,0,1,1,1,1,0,0,0,0,1
43,Bianca M,1,0,0,1,1,0,0,0,1,0,0,0,0,0,1,1,0,0,0,0,0,0,1
44,Biggi H,1,0,0,1,1,0,1,0,0,0,1,0,0,0,0,0,0,0,0,0,0,0,1
45,Bill B,0,0,1,0,1,0,0,0,1,0,1,0,0,0,0,0,0,0,0,0,0,0,1
46,Birgit Z,1,0,1,0,1,0,1,0,0,0,0,0,0,0,0,0,0,0,0,0,0,0,0
47,Borris B,0,1,0,0,0,0,1,0,0,0,0,1,1,0,1,0,0,1,0,0,0,0,0
48,BorusseLE,1,0,0,0,1,0,1,0,0,0,0,1,0,0,1,1,1,1,0,0,0,0,0
49,Boso1,0,0,0,1,0,0,0,1,0,0,0,1,0,0,0,1,1,0,0,0,0,0,0
50,Bramley I,0,0,0,0,1,0,0,0,1,0,1,0,0,0,0,1,1,1,0,0,0,0,0
51,Brigitte G,1,0,0,1,1,0,0,0,1,0,0,0,0,1,0,1,1,0,0,0,0,0,0
52,Bryan A,0,0,1,0,1,0,1,0,0,0,0,1,0,0,1,1,0,0,0,0,0,0,0
53,C R,0,0,0,1,0,0,1,0,0,0,0,0,0,0,0,0,1,0,0,0,0,0,1
54,CDanger92,0,0,1,0,0,0,0,0,0,0,0,0,0,0,0,0,0,0,0,0,0,0,1
55,Canyonist,1,0,0,0,0,0,1,0,0,0,0,0,0,0,0,0,0,0,0,0,0,0,1
56,Carmen R,1,0,1,0,1,0,1,0,0,0,0,1,0,0,0,1,0,0,0,0,0,0,1
57,Carsten K,1,0,0,1,0,0,0,0,1,0,1,0,0,0,0,0,0,1,0,0,0,0,0
58,Cedric S,0,0,0,0,1,0,1,0,0,0,0,1,0,0,1,1,0,0,0,0,0,0,0
59,Christian R,1,0,1,0,1,0,0,0,0,1,1,1,0,0,1,1,0,1,0,0,0,0,1
60,Christian040589,1,0,1,0,1,0,1,0,0,0,1,1,1,0,0,1,0,0,0,0,0,0,0
61,Christian091280,0,1,0,1,1,0,1,0,0,0,1,1,0,0,0,1,1,0,0,0,0,0,0
62,Christoph,1,0,0,0,1,0,1,0,0,0,0,1,0,0,1,1,0,0,0,0,0,0,1
63,Christoph A,1,0,0,1,0,0,1,0,0,0,0,1,0,1,1,1,1,0,0,0,0,0,0
64,Christoph M,0,0,0,0,1,0,0,0,1,0,0,0,0,0,0,1,0,0,0,0,0,0,0
65,Christopher,0,0,0,0,1,0,0,0,1,0,1,1,0,0,1,1,0,0,0,0,0,0,0
66,Claudia E,1,0,1,0,1,0,0,0,0,1,1,0,0,0,1,1,1,0,0,0,0,0,0
67,Clemens H,1,0,1,0,1,0,0,0,1,0,1,1,0,0,1,1,1,1,0,0,0,0,0
68,Co J,1,0,1,0,1,0,0,0,1,0,1,0,0,0,0,1,0,1,0,0,0,0,1
69,Conny S,0,0,0,0,1,0,0,0,0,1,0,0,0,0,0,0,0,1,0,0,0,0,0
70,Culinary-Consultants,1,1,0,0,1,0,0,0,0,1,1,1,0,0,1,1,1,1,0,0,0,0,0
71,DMB500,1,0,1,0,1,0,1,0,0,0,0,1,0,0,1,1,0,1,0,0,0,0,0
72,DaMaulwurfn,0,0,0,1,1,0,1,0,0,0,0,1,0,0,1,1,1,0,0,0,0,0,0
73,Daninho93,1,0,0,0,1,0,1,0,0,0,1,1,0,0,1,1,1,0,0,0,0,0,1
74,David M,0,0,0,0,1,0,0,0,1,0,0,0,0,0,0,0,0,0,0,0,0,0,1
75,Dennis M,1,0,1,0,1,0,1,0,0,0,0,0,0,0,0,1,1,1,1,0,0,0,1
76,Diana N,1,0,0,1,1,0,0,0,1,0,0,1,0,0,1,1,0,1,0,0,0,0,0
77,Dida,0,0,0,0,1,0,1,0,0,0,1,0,0,0,1,0,0,0,0,0,0,0,1
78,Die S,1,0,0,0,1,0,1,0,0,0,1,0,0,0,0,0,1,0,0,0,0,0,1
79,DieKampas,1,0,1,0,1,0,1,0,0,0,0,1,1,0,1,1,1,0,0,0,0,0,0
80,Dima K,0,0,1,0,1,0,0,0,1,0,0,1,0,0,1,1,0,1,1,0,0,0,0
81,Dirk A,0,0,1,0,1,0,1,0,0,0,1,1,0,0,1,1,1,0,0,0,0,0,0
82,DonCerutti,1,0,1,0,1,0,0,0,1,0,0,0,0,0,1,1,1,0,0,0,0,0,1
83,DonDan16,1,0,1,0,1,0,0,0,1,0,0,1,0,0,1,1,1,0,0,0,0,0,1
84,Don_Pitti,1,0,1,0,1,0,1,0,0,0,0,1,0,0,1,0,1,0,0,0,0,0,1
85,Doris Ratt,1,0,0,1,1,0,0,0,1,0,1,1,0,0,0,1,1,0,0,0,0,0,1
86,Ednico,1,0,0,1,1,0,1,0,0,0,0,0,0,0,0,1,1,0,0,0,0,0,0
87,Elke S,1,0,0,0,0,0,0,0,1,0,0,1,1,0,1,1,1,0,0,0,0,0,0
88,Ella G,0,1,1,0,1,0,0,0,1,0,1,0,0,0,1,1,1,0,0,0,0,0,1
89,Enhar I,0,0,0,1,1,0,0,0,1,0,0,1,1,0,0,1,0,0,0,0,0,0,0
90,Esther F,0,0,1,0,1,0,0,0,1,0,1,1,0,0,1,1,1,0,0,0,0,0,0
91,Eva F,0,0,1,0,1,0,1,0,0,0,0,1,0,0,0,1,0,0,0,0,0,0,0
92,Faber689,1,0,0,0,0,1,0,0,0,0,0,1,0,0,1,1,0,0,0,0,0,0,0
93,Ferenc S,1,0,0,1,1,0,1,0,0,0,0,0,0,0,0,1,1,0,0,0,0,0,1
94,Fipsi01,1,0,1,0,1,0,0,0,1,0,1,1,0,1,0,1,1,0,0,0,0,0,0
95,FleetwoodJones,0,0,0,1,1,0,1,0,0,0,1,1,0,0,0,1,0,0,0,0,0,0,0
96,Florina Z,0,0,1,0,1,0,0,1,0,0,1,1,0,0,1,1,1,1,0,0,0,0,0
97,Frank B,0,1,0,1,1,0,0,0,0,1,0,1,0,0,1,1,0,0,0,0,0,0,0
98,Franzi S,0,0,0,0,0,0,0,1,0,0,1,0,0,0,0,0,0,1,0,0,0,0,1
99,Freimut H,0,0,0,0,0,0,1,0,0,0,1,1,0,0,1,0,0,0,0,0,0,0,1
100,Friederike K,0,1,1,0,0,0,1,0,0,0,1,1,0,0,1,1,0,1,0,0,0,0,0
101,Gabi M,1,0,1,0,1,0,0,0,1,0,1,1,0,0,0,1,1,0,0,0,0,0,1
102,Gaby_Berger,0,0,0,0,1,0,0,0,0,1,0,0,0,0,0,0,1,0,0,0,0,0,0
103,George G,1,0,1,0,1,0,1,0,0,0,0,1,0,0,1,1,1,0,0,0,0,0,1
104,Gerd M,1,0,1,0,1,0,1,0,0,0,0,1,0,0,1,1,1,0,0,0,0,0,1
105,Glenn A,1,0,0,0,1,0,0,0,1,0,0,1,0,0,0,1,1,1,0,0,0,0,1
106,Gorko3000,1,1,1,0,1,0,0,0,1,0,0,1,1,0,0,1,0,1,0,0,0,0,0
107,Gottfried H,1,0,1,0,1,0,0,0,1,0,0,1,0,0,1,1,0,0,0,0,0,0,0
108,Graham S,0,1,0,0,1,0,1,0,0,0,0,1,0,0,1,1,0,1,0,0,0,0,0
109,Griefneverends,0,0,0,1,0,0,0,0,0,0,0,0,0,0,0,0,0,0,0,0,0,0,0
110,Guoye,0,0,0,0,0,0,0,0,1,0,0,1,0,0,0,0,0,0,0,0,0,0,0
111,Günther Oehler,0,0,0,1,1,0,1,0,0,0,0,1,0,1,1,1,1,0,0,0,0,0,0
112,Hamburgbesuch,0,0,0,1,1,0,1,0,0,0,1,0,0,0,0,1,1,1,0,0,0,0,1
113,Harry833,0,1,0,0,0,1,0,0,0,0,1,0,0,0,0,1,1,0,0,0,0,0,0
114,Hartmut B,0,0,1,0,1,1,0,0,0,0,0,1,0,1,1,1,1,0,0,0,0,0,0
115,Hb250250,0,0,0,0,1,0,0,0,1,0,0,0,0,0,0,0,0,0,0,0,0,0,1
116,Heiko E,0,0,0,0,1,0,0,0,1,0,0,1,0,0,0,1,0,0,0,0,0,0,0
117,HeiserTouristik,1,1,1,0,1,0,0,1,0,0,0,1,0,0,1,1,0,1,1,0,0,0,0
118,Hendlschorsch,1,1,0,0,1,0,1,0,0,0,1,1,0,1,1,1,0,1,1,0,0,0,0
119,HenningBrückner,1,0,0,1,1,0,1,0,0,0,0,0,0,0,1,1,1,0,0,0,0,0,0
120,HenningKlepsch,0,0,0,1,1,0,0,0,0,1,0,1,0,0,1,0,0,1,0,0,0,0,0
121,Hermann W,0,1,1,0,1,0,1,0,0,0,0,1,0,0,1,1,1,1,0,0,0,0,0
122,Hexli,0,0,0,0,1,0,0,0,1,0,0,1,0,0,1,1,1,1,0,0,0,0,0
123,HonestyPolicy2816,0,0,0,1,1,0,0,0,1,0,1,0,0,0,0,1,1,1,0,0,0,0,0
124,Horst Messerschmidt,0,0,1,0,1,0,1,0,0,0,1,1,0,0,1,1,1,1,0,0,0,0,0
125,Iaintbother,0,0,1,0,1,0,0,0,1,0,0,1,0,0,0,1,0,0,0,0,0,0,1
126,Ichschon W,1,0,1,0,1,0,1,0,0,0,1,0,0,1,0,1,0,1,0,0,0,0,1
127,Ilona8518,1,0,1,0,1,0,1,0,0,0,1,1,0,0,0,0,0,0,0,0,0,0,1
128,Info-chat,1,0,1,0,1,0,1,0,0,0,0,1,0,0,1,1,0,1,0,0,0,0,0
129,JAM,0,0,0,1,1,0,0,0,1,0,0,0,0,0,0,1,0,1,1,0,0,0,0
130,JRT,1,0,0,1,1,0,0,0,1,0,1,1,0,0,1,1,1,0,0,0,0,0,0
131,J_G61,0,1,0,0,0,0,1,0,0,0,0,1,0,0,1,1,1,1,0,0,0,0,0
132,Jack,0,0,0,1,0,0,0,0,1,0,1,0,0,0,0,0,0,0,0,0,0,0,1
133,Jenny_Tweety,1,0,1,0,1,0,1,0,0,0,0,0,0,0,1,1,1,1,0,0,0,0,0
134,Jessica R,0,1,1,0,1,1,0,0,0,0,1,1,0,0,1,1,0,0,0,0,0,0,0
135,Jez896,0,0,1,0,0,0,1,0,0,0,1,1,0,0,0,0,0,0,0,0,0,0,0
136,JimDoe444,1,0,1,0,0,0,1,0,0,0,1,1,0,0,0,1,0,0,0,0,0,0,0
137,Juho K,1,0,1,0,0,1,0,0,0,0,0,1,0,0,0,1,0,0,0,0,0,0,0
138,Julia R,0,0,1,0,1,0,0,0,1,0,0,1,0,0,1,1,1,0,0,0,0,0,0
139,KFSL,1,0,1,0,0,1,0,0,0,0,0,1,0,0,1,1,1,0,0,0,0,0,0
140,Kaessrinn,1,0,0,1,1,0,1,0,0,0,0,1,0,0,1,1,0,0,0,0,0,0,0
141,Karl K,1,0,1,0,1,0,0,0,0,1,0,1,0,0,1,1,0,0,0,0,0,0,0
142,Karla T,1,0,1,0,1,0,0,0,1,0,0,1,0,0,1,1,0,0,0,0,0,0,1
143,Katharina,1,0,1,0,1,0,1,0,0,0,0,0,0,0,1,1,0,1,0,0,0,0,1
144,KathymitdemRucksack,1,1,1,0,1,0,0,0,1,0,1,1,0,0,1,1,1,0,0,0,0,0,0
145,Klaus L,0,0,1,0,1,0,0,0,1,0,1,1,0,0,1,0,0,0,0,0,0,0,1
146,Klaus U,1,0,1,0,1,0,0,0,1,0,1,1,0,0,1,1,1,1,0,0,0,0,0
147,Knut H,1,0,1,0,1,0,0,0,1,0,1,1,0,0,1,1,0,1,1,0,0,0,1
148,Koa M,0,1,0,0,1,0,1,0,0,0,0,1,0,1,1,1,1,0,0,0,0,0,0
149,Kristina,1,0,0,0,1,0,1,0,0,0,0,0,0,0,0,1,0,1,1,0,0,0,1
150,Kückilina,0,0,1,0,1,0,1,0,0,0,1,1,0,0,1,1,1,0,0,0,0,0,0
151,LWO64,0,0,1,0,1,0,1,0,0,0,0,1,0,0,1,0,0,0,0,0,0,0,1
152,Lars P,0,0,1,0,1,0,0,0,1,0,0,1,0,0,0,1,0,0,0,0,0,0,0
153,LazyEcki,0,0,0,1,1,0,0,0,1,0,1,0,0,0,0,1,0,1,1,0,0,0,0
154,LiMaPoe,0,0,1,0,1,0,0,0,1,0,1,1,0,0,0,1,1,0,0,0,0,0,0
155,Litti123,1,0,0,0,1,0,0,0,1,0,0,1,0,0,1,1,0,0,0,0,0,0,0
156,Luftwunder,1,0,1,0,1,0,1,0,0,0,1,0,0,0,0,1,1,1,1,0,0,0,1
157,Luis Javier  ,0,0,1,0,0,0,0,0,1,0,0,0,0,0,0,1,0,0,0,0,0,0,0
158,Lukas G,0,1,1,0,1,0,1,0,0,0,0,1,0,0,1,1,1,0,0,0,0,0,1
159,Luke S,0,0,1,0,1,0,1,0,0,0,0,0,0,0,0,1,1,0,0,0,0,0,1
160,Lukenfiez,0,0,1,0,0,1,0,0,0,0,1,0,0,0,0,0,0,0,0,0,0,0,0
161,M T,1,0,0,0,0,0,0,0,1,0,0,1,0,0,1,0,0,0,0,0,0,0,1
162,MJMChester_UK,0,0,0,1,0,1,0,0,0,0,0,1,0,0,1,1,0,0,0,0,0,0,0
163,Manfred H,0,0,0,0,1,0,1,0,0,0,1,0,0,0,0,0,0,0,0,0,0,0,1
164,Manuela S,1,0,1,0,1,0,0,0,0,1,1,0,0,1,0,0,0,1,0,0,0,0,0
165,Marc_007_2000,0,0,1,0,1,0,1,0,0,0,1,1,0,0,1,0,0,0,0,0,0,0,0
166,Marcel K,0,0,0,1,1,1,0,0,0,0,0,0,0,0,0,1,1,0,0,0,0,0,0
167,Marco C,0,1,1,0,1,0,1,0,0,0,0,1,0,0,1,1,1,0,0,0,0,0,0
168,Marian Tilea,0,0,0,1,1,0,1,0,0,0,0,1,0,0,0,1,1,0,0,0,0,0,1
169,Mario L,0,0,1,0,1,0,1,0,0,0,0,0,0,0,0,0,0,0,0,0,0,0,0
170,Marion N,0,0,1,0,1,0,0,0,1,0,0,1,0,0,1,1,1,0,0,0,0,0,0
171,Marksa6672,1,0,1,0,1,0,1,0,0,0,0,0,0,0,1,1,1,1,0,0,0,0,1
172,Markus S,1,0,1,0,1,0,1,0,0,0,0,1,0,0,0,1,1,0,0,0,0,0,1
173,Markus T,1,0,1,0,1,0,1,0,0,0,0,0,0,0,0,0,0,0,0,0,0,0,1
174,Martyn011,0,0,1,0,0,0,0,0,0,0,0,1,0,1,0,1,0,1,0,0,0,0,1
175,Matthias Estermann,1,0,0,1,1,0,0,0,1,0,1,0,0,0,0,0,0,0,0,0,0,0,1
176,Matthias M,1,0,1,0,1,0,1,0,0,0,0,0,0,0,0,0,0,0,0,0,0,0,1
177,Matthias S,1,0,1,0,0,0,1,0,0,0,0,1,0,0,1,1,0,1,0,0,0,0,0
178,Matze-Sherpa,1,0,1,0,0,0,0,0,1,0,0,1,0,0,0,0,0,0,0,0,0,0,0
179,Maukinho2,0,1,0,1,1,0,1,0,0,0,0,1,0,0,1,1,1,0,0,0,0,0,0
180,Meiny,0,0,0,0,1,1,0,0,0,0,0,0,0,0,1,0,0,1,0,0,0,0,0
181,Meistri-Rator,0,1,0,1,1,0,0,0,1,0,0,1,0,0,1,1,1,0,0,0,0,0,0
182,Meksan K,1,0,1,0,1,0,0,0,1,0,1,0,0,0,0,0,1,0,0,0,0,0,1
183,Melaiko Mme.,0,1,0,0,1,0,0,0,1,0,0,1,0,0,1,1,1,0,0,0,0,0,0
184,Melike E,1,0,1,0,1,0,0,0,1,0,0,1,0,0,0,0,0,0,0,0,0,0,1
185,Michael D,0,0,0,0,0,0,1,0,0,0,0,0,0,0,1,0,0,0,0,0,0,0,1
186,Michael K,1,0,1,0,1,0,1,0,0,0,0,1,0,0,1,1,1,1,1,0,0,0,0
187,Michael P,0,1,1,0,0,0,1,0,0,0,1,1,0,0,1,1,0,0,0,0,0,0,0
188,Michael S,1,0,1,0,1,0,1,0,0,0,0,0,0,0,0,1,0,0,0,0,0,0,1
189,Michael W,1,0,1,0,0,0,1,0,0,0,0,0,0,1,0,0,0,1,1,0,0,0,1
190,Michaela B,1,1,0,0,1,0,1,0,0,0,0,1,0,0,1,1,0,0,0,0,0,0,0
191,Moritz S,1,0,1,0,1,0,0,0,1,0,0,1,0,0,1,0,0,1,0,0,0,0,1
192,Morten W,1,0,0,0,1,0,0,0,1,0,0,1,1,0,0,1,1,1,0,0,0,0,0
193,N S,0,0,0,0,1,0,0,0,1,0,0,0,0,0,1,1,1,1,0,0,0,0,0
194,Nathalie J,0,0,0,0,1,0,0,0,1,0,0,0,0,0,0,0,0,1,0,0,0,0,0
195,Nicki Fish,0,1,0,1,1,0,1,0,0,0,0,0,0,1,0,1,1,0,0,0,0,0,0
196,Nina S,0,0,1,0,1,0,1,0,0,0,1,1,0,0,1,1,1,0,0,0,0,0,0
197,Nina h,1,0,0,0,0,0,1,0,0,0,1,1,0,0,0,1,0,0,0,0,0,0,1
198,Nobby Hall,0,1,0,1,0,0,1,0,0,0,0,1,0,0,1,0,0,0,0,0,0,0,1
199,Normen N,0,0,0,1,1,0,1,0,0,0,1,0,0,0,0,0,0,1,1,0,0,0,1
200,Oliver P,1,0,0,0,1,1,0,0,0,0,0,1,0,0,0,0,1,0,0,0,0,0,1
201,Panayiotis,0,0,0,0,0,0,0,0,1,0,1,1,0,0,1,1,0,0,0,0,0,0,0
202,Pat M,0,0,1,0,1,1,0,0,0,0,1,0,0,0,0,0,0,0,0,0,0,0,0
203,Patricia L.,0,0,0,0,0,0,1,0,0,0,1,1,0,1,1,0,0,1,0,0,0,0,1
204,Patrizio Milia,1,0,1,0,0,0,1,0,0,0,0,1,0,1,1,1,0,0,0,0,0,0,1
205,Perinique,1,0,0,1,1,0,0,0,1,0,0,1,1,0,1,1,0,0,0,0,0,0,0
206,Peter E,0,0,0,0,0,0,1,0,0,0,1,1,0,0,1,1,1,0,0,0,0,0,0
207,Peter P,0,0,0,0,0,0,1,0,0,0,0,1,0,0,1,1,0,0,0,0,0,0,1
208,PeterBerlin10,0,0,1,0,1,0,0,0,1,0,1,1,0,0,1,1,0,0,0,0,0,0,0
209,PeterF1980,0,1,1,0,1,0,0,0,1,0,1,1,0,0,0,1,1,0,0,0,0,0,0
210,PetroGutessen,1,0,1,0,1,0,0,0,1,0,0,0,0,0,0,0,0,0,0,0,0,0,1
211,ProfessorVod,1,0,0,0,0,0,1,0,0,0,0,1,0,0,0,1,0,0,0,0,0,0,1
212,R L,0,1,0,1,1,0,0,0,1,0,0,0,0,0,1,1,1,0,0,0,0,0,0
213,RLee007,0,0,0,0,1,0,0,0,1,0,0,1,0,1,1,1,0,1,0,0,0,0,0
214,RPViews,0,0,0,1,1,0,0,0,1,0,1,0,0,0,0,0,0,0,0,0,0,0,0
215,Rebecca_hamlett12,0,1,1,0,1,0,1,0,0,0,0,1,0,0,1,1,1,1,0,0,0,0,0
216,ReiseleiterAssistent,0,0,1,0,0,0,0,1,0,0,0,1,0,0,1,1,0,0,0,0,0,0,0
217,Reto B,1,0,1,0,1,1,0,0,0,0,0,0,0,0,1,1,1,1,1,0,0,0,1
218,Rmeier,1,0,0,0,1,0,1,0,0,0,1,0,0,0,1,1,0,1,0,0,0,0,0
219,RoMa1809,0,1,1,0,1,0,1,0,0,0,0,1,0,0,1,1,0,0,0,0,0,0,1
220,Robbie R,0,0,1,0,1,1,0,0,0,0,1,1,0,0,1,1,1,0,0,0,0,0,0
221,Ron K,0,0,0,1,1,0,0,1,0,0,0,1,0,0,0,0,0,0,0,0,0,0,0
222,Ronald L,1,0,0,1,0,0,0,0,1,0,1,0,0,0,1,1,1,0,0,0,0,0,1
223,Ronny K,0,0,0,0,1,0,1,0,0,0,0,1,0,0,1,0,0,1,0,0,0,0,0
224,Ronsky76,0,0,1,0,1,0,0,0,1,0,1,1,0,0,1,1,1,0,0,0,0,0,1
225,Sabine K,0,0,0,0,1,0,1,0,0,0,0,1,0,0,1,1,1,0,0,0,0,0,0
226,Sam D,0,0,1,0,1,0,0,0,1,0,1,1,0,0,1,0,0,0,0,0,0,0,1
227,SamsonWien,0,0,0,0,0,0,1,0,0,0,1,1,0,0,0,1,1,0,0,0,0,0,1
228,Sarina J,1,0,1,0,1,0,1,0,0,0,1,1,0,0,1,1,1,0,0,0,0,0,0
229,Schlawinerchen,0,1,1,0,1,0,1,0,0,0,1,1,0,0,1,1,1,0,0,0,0,0,0
230,Schuc2,1,1,0,1,1,0,0,0,0,1,1,1,0,0,0,1,1,1,0,0,0,0,0
231,Scott  J,0,0,1,0,1,0,0,0,1,0,0,1,0,0,1,1,1,0,0,0,0,0,0
232,SevenSeasTraveller,1,0,1,0,0,0,0,0,0,1,0,1,0,0,0,1,1,0,0,0,0,0,0
233,Shah Sultan A,0,0,0,1,1,0,0,0,0,1,1,0,0,0,0,1,1,0,0,0,0,0,0
234,Shani A,0,0,0,0,1,0,0,0,1,0,1,1,0,0,0,0,0,0,0,0,0,0,1
235,Silverfox21,0,0,0,1,1,0,1,0,0,0,0,1,0,0,1,1,1,0,0,0,0,0,0
236,Simon R,0,0,1,0,1,0,0,0,1,0,0,1,0,0,0,0,0,0,0,0,0,0,1
237,Simone S,1,0,1,0,1,0,0,0,1,0,0,0,0,0,0,0,0,0,0,0,0,0,1
238,Sleepy55,1,0,0,1,1,0,0,0,1,0,0,1,0,1,1,1,1,1,0,0,0,0,0
239,Sommerfrische_imHerzen,0,1,0,0,1,0,1,0,0,0,1,1,0,0,0,1,1,0,0,0,0,0,0
240,Standard11111,0,1,0,0,1,0,0,0,0,0,0,1,0,0,1,1,0,1,0,0,0,0,0
241,Stefan L,0,0,1,0,0,0,1,0,0,0,0,0,0,0,0,1,1,0,0,0,0,0,1
242,Stefanie K,1,0,0,1,1,0,1,0,0,0,0,1,0,1,1,1,1,0,0,0,0,0,0
243,StellaLight,1,0,1,0,1,0,1,0,0,0,1,0,0,0,1,1,1,0,0,0,0,0,1
244,Stephan H,0,0,0,1,1,0,1,0,0,0,1,1,0,1,1,1,1,0,0,0,0,0,0
245,Steven W,0,0,0,0,1,0,0,0,1,0,0,1,0,0,1,1,0,0,0,0,0,0,0
246,Sue H,0,1,1,0,0,0,1,0,0,0,0,1,0,0,0,1,1,0,0,0,0,0,0
247,SumanSB,1,0,0,0,1,1,0,0,0,0,0,0,0,0,1,1,1,1,0,0,0,0,1
248,Superarmino,1,0,1,0,0,0,1,0,0,0,0,1,0,0,1,0,0,0,0,0,0,0,1
249,Susan V,0,0,0,0,0,0,0,0,1,0,0,0,0,0,0,0,0,0,0,0,0,0,1
250,SvenD8672,1,1,0,1,1,0,0,0,1,0,0,1,0,1,1,1,0,1,1,0,0,0,0
251,Svetlana S,0,0,0,1,1,1,0,0,0,0,1,1,0,0,0,1,1,0,0,0,0,0,0
252,Sybille M,0,0,0,1,0,0,1,0,0,0,0,1,0,0,0,1,1,0,0,0,0,0,1
253,TaJoNe,1,0,0,0,0,0,1,0,0,0,1,0,0,0,0,0,0,0,0,0,0,0,1
254,Taiko22,0,0,0,0,1,0,0,0,0,1,0,1,0,1,1,1,1,1,0,0,0,0,0
255,Teufeline D,1,0,1,0,1,0,1,0,0,0,0,0,0,0,0,0,1,0,0,0,0,0,1
256,Thomas K,1,0,1,0,1,0,1,0,0,0,0,0,0,0,1,1,1,1,0,0,0,0,1
257,Thomas L,1,0,1,0,0,0,0,0,1,0,1,0,0,0,0,0,0,1,1,0,0,0,1
258,Thomas M,1,0,1,0,1,0,1,0,0,0,0,0,0,0,0,1,0,1,1,0,0,0,1
259,Thomas R,1,0,0,1,1,0,1,0,0,0,0,1,0,0,1,1,1,0,0,0,0,0,0
260,Thomas V,1,0,1,0,0,0,0,0,1,0,0,0,0,0,0,1,0,0,0,0,0,0,1
261,Thorsten Brückmann,0,0,0,0,1,0,0,1,0,0,1,0,0,0,0,0,0,0,0,0,0,0,1
262,Tom tom669,1,0,1,0,1,1,0,0,0,0,1,0,0,0,0,0,0,0,0,0,0,0,1
263,Torsten Prasse,1,0,1,0,1,0,1,0,0,0,0,0,0,0,1,1,1,1,1,0,0,0,0
264,Trent_error,1,0,0,0,1,0,0,0,1,0,0,0,0,0,0,0,0,0,0,0,0,0,1
265,Ulf V,1,0,0,1,1,0,0,0,1,0,0,1,0,0,1,0,0,1,0,0,0,0,1
266,Ulli U,1,0,0,0,1,0,0,0,1,0,0,0,0,0,0,1,1,0,0,0,0,0,0
267,Ultraferrum,1,0,0,0,1,0,1,0,0,0,0,1,0,0,1,0,0,0,0,0,0,0,0
268,Van G,0,0,0,0,1,1,0,0,0,0,1,0,0,0,0,0,0,0,0,0,0,0,1
269,Vincent S,0,0,0,0,1,1,0,0,0,0,1,1,0,0,1,1,1,0,0,0,0,0,0
270,Volker_K01,1,0,1,0,0,0,0,0,1,0,1,0,0,0,0,1,1,0,0,0,0,0,1
271,Walter K,1,0,0,0,1,0,1,0,0,0,0,0,0,0,0,0,1,0,0,0,0,0,1
272,Waltraud L,1,0,0,1,1,0,1,0,0,0,1,1,0,0,1,1,1,0,0,0,0,0,0
273,Wernerbrox,1,0,1,0,1,0,1,0,0,0,0,1,0,0,1,1,1,0,0,0,0,0,1
274,Wesley31072004,1,0,1,0,1,0,1,0,0,0,1,0,0,0,0,0,0,0,0,0,0,0,1
275,WiMaNi,0,0,1,0,1,0,1,0,0,0,0,1,0,0,0,1,0,1,0,0,0,0,1
276,Wingeridder,1,0,1,0,1,0,0,1,0,0,0,1,0,0,1,0,0,0,0,0,0,0,1
277,Wulfdominique,1,0,1,0,1,0,1,0,0,0,1,0,0,0,0,1,1,0,0,0,0,0,0
278,Zonkeydonkey,0,0,0,1,0,0,0,0,1,0,1,0,0,1,1,0,0,1,0,0,0,0,0
279,Zwergi1963,0,0,1,0,0,0,0,1,0,0,0,1,0,0,0,0,0,0,0,0,0,0,1
280,abc,0,0,1,0,1,0,0,0,1,0,0,1,0,0,1,0,0,0,0,0,0,0,0
281,ahctravel,0,0,0,1,1,0,0,0,1,0,1,1,0,0,0,1,1,0,0,0,0,0,1
282,amirk973,0,1,0,0,1,0,0,1,0,0,0,1,0,0,1,1,1,0,0,0,0,0,0
283,ania7ja,0,0,1,0,0,0,0,0,1,0,0,1,0,0,1,0,0,0,0,0,0,0,0
284,annenaumann,0,0,0,0,1,0,0,0,1,0,0,1,1,0,1,0,0,0,0,0,0,0,0
285,binzer-jule,1,0,1,0,1,0,0,0,1,0,0,0,0,0,1,1,0,0,0,0,0,0,0
286,bjoern208,1,0,1,0,1,0,0,0,1,0,0,1,0,0,1,0,0,1,0,0,0,0,1
287,blackdragon747,1,0,1,0,1,1,0,0,0,0,1,1,0,0,1,1,0,0,0,0,0,0,1
288,chrisnani,0,0,1,0,1,0,0,0,1,0,1,1,0,0,0,1,0,0,0,0,0,0,1
289,colmar18,0,0,1,0,0,1,0,0,0,0,0,0,0,0,0,0,0,0,0,0,0,0,0
290,danblocker43,1,0,1,0,0,0,0,0,0,1,1,0,0,0,0,0,1,1,0,0,0,0,1
291,dawn j,0,0,0,0,0,0,1,0,0,0,0,1,0,0,0,0,0,1,0,0,0,0,0
292,dicker0,1,0,0,0,1,0,1,0,0,0,0,0,0,0,0,1,0,0,0,0,0,0,1
293,dicla54,0,0,1,0,1,0,1,0,0,0,0,1,0,1,1,1,1,1,0,0,0,0,0
294,dithmarsher,0,0,0,0,1,0,1,0,0,0,0,0,0,0,1,1,0,0,0,0,0,0,1
295,domusch,1,0,1,0,1,0,1,0,0,0,0,1,0,1,1,1,1,0,0,0,0,0,0
296,eberhardtbackhaus,1,0,0,1,1,0,0,1,0,0,0,0,0,0,0,0,0,0,0,0,0,0,1
297,ellacojocaru49,0,0,1,0,1,0,0,0,1,0,1,1,0,0,1,1,0,0,0,0,0,0,0
298,eric0re,1,0,0,0,1,0,1,0,0,0,0,0,0,0,0,1,0,0,0,0,0,0,0
299,essengehen78,1,0,1,0,1,0,1,0,0,0,1,1,0,0,1,1,1,0,0,0,0,0,1
300,flipii2010,1,1,1,0,1,0,1,0,0,0,1,1,0,0,1,0,1,0,0,0,0,0,1
301,foxytrace,0,0,0,0,1,0,0,0,1,0,0,0,0,0,1,1,0,0,0,0,0,0,0
302,frisa86,0,0,1,0,1,0,1,0,0,0,0,0,0,1,0,1,1,1,1,0,0,0,0
303,gabywolters,0,0,0,0,1,0,0,0,1,0,1,1,0,0,1,1,1,0,0,0,0,0,0
304,handbagscotland,0,1,0,0,0,0,1,0,0,0,0,1,1,0,1,1,1,1,0,0,0,0,0
305,hartmannoliver5,0,0,1,0,1,0,0,1,0,0,0,1,0,0,1,1,1,1,0,0,0,0,0
306,hblvox,1,0,1,0,1,0,0,0,1,0,0,1,0,0,0,1,0,0,0,0,0,0,0
307,helloblaise,0,0,1,0,1,0,0,0,1,0,0,0,0,0,1,0,0,0,0,0,0,0,1
308,hilke222,1,0,1,0,1,0,0,0,1,0,0,1,0,0,1,1,0,0,0,0,0,0,1
309,joel h,0,0,1,0,1,0,1,0,0,0,0,1,0,0,1,1,0,0,0,0,0,0,0
310,joemue68,0,0,0,0,0,0,1,0,0,0,0,0,0,0,0,1,0,0,0,0,0,0,1
311,john j,0,0,0,0,0,0,0,0,1,0,0,1,1,0,0,1,0,0,0,0,0,0,0
312,jon c,1,0,0,0,0,0,1,0,0,0,0,1,0,0,0,0,0,0,0,0,0,0,1
313,kappelhoff-Post,0,0,1,0,1,0,0,0,0,1,0,0,0,0,0,1,1,0,0,0,0,0,0
314,kingoliver,1,0,0,0,1,0,0,0,1,0,0,1,0,0,1,1,1,0,0,0,0,0,1
315,kiwi2000,0,0,0,1,0,0,1,0,0,0,0,0,0,0,0,0,0,0,0,0,0,0,0
316,klasseanna,1,0,1,0,1,0,1,0,0,0,1,1,0,0,1,0,0,0,0,0,0,0,1
317,korayenginar,0,0,1,0,1,0,1,0,0,0,0,0,0,0,0,0,0,0,0,0,0,0,1
318,kruemeltiffy,1,0,1,0,1,0,1,0,0,0,0,0,0,0,0,1,0,1,0,0,0,0,1
319,laempel,0,0,0,0,1,0,1,0,0,0,0,1,0,0,1,1,1,0,0,0,0,0,0
320,lazyblueskies,0,0,1,0,0,0,1,0,0,0,0,0,0,0,0,1,1,0,0,0,0,0,0
321,leckerli2017,0,0,0,1,1,0,0,0,1,0,1,1,0,0,1,1,1,1,0,0,0,0,0
322,manuela_karl,1,0,0,0,1,0,1,0,0,0,0,1,0,0,0,1,1,0,0,0,0,0,1
323,marcoGustoso,0,0,1,0,1,0,0,0,1,0,1,1,0,0,1,1,1,0,0,0,0,0,1
324,mariposa061,1,0,0,0,0,0,1,0,0,0,0,0,0,0,0,1,1,0,0,0,0,0,0
325,mashio85,0,1,1,0,0,0,0,0,1,0,0,1,0,0,1,1,1,1,0,0,0,0,0
326,matcha,1,0,1,0,1,0,0,0,1,0,0,0,0,0,1,0,0,0,0,0,0,0,1
327,matthewrc,0,0,1,0,1,0,0,0,0,0,1,1,0,0,0,1,1,1,0,0,0,0,0
328,moinmoin80,0,0,0,0,1,0,0,0,0,0,0,0,0,0,1,1,1,0,0,0,0,0,0
329,muschelschupser1969,1,0,0,0,1,0,0,0,1,0,0,1,0,0,1,1,1,1,0,0,0,0,0
330,nerdXinside,0,0,1,0,1,0,0,0,1,0,0,0,0,1,0,0,1,0,0,0,0,0,0
331,oelli,1,0,1,0,0,0,1,0,0,0,1,0,0,0,0,0,0,0,0,0,0,0,1
332,ohheytherejessica,1,0,0,0,1,0,0,0,1,0,0,1,0,0,1,1,0,1,0,0,0,0,0
333,prlv66,1,0,0,1,1,0,1,0,0,0,0,1,0,0,1,1,1,0,0,0,0,0,1
334,rhcmuevo,0,0,0,0,1,1,0,0,0,0,0,0,0,0,0,1,0,1,1,0,0,0,1
335,robbie292929,0,0,0,1,0,0,1,0,0,0,1,1,0,0,1,1,1,0,0,0,0,0,0
336,rochrist88,0,1,0,1,1,0,1,0,0,0,0,1,0,0,1,1,1,0,0,0,0,0,0
337,rometschwolfgang,1,0,0,0,1,0,1,0,0,0,0,1,0,1,1,1,1,1,1,0,0,0,1
338,sajaeger,0,0,1,0,0,0,0,0,0,1,1,0,0,0,0,0,0,0,0,0,0,0,1
339,sasha360,1,0,1,0,0,1,0,0,0,0,0,0,0,0,0,0,0,0,0,0,0,0,1
340,sheilassi,0,0,0,0,1,0,0,0,1,0,0,0,0,0,0,1,0,0,0,0,0,0,0
341,sigandy,1,0,0,1,1,0,1,0,0,0,0,1,0,0,0,0,0,0,0,0,0,0,1
342,solmar2014,1,0,0,1,1,0,0,0,1,0,0,1,0,0,1,1,0,0,0,0,0,0,1
343,sseth80,0,0,0,1,1,0,0,0,0,1,1,1,0,0,1,1,1,1,1,0,0,0,0
344,stu4520,0,0,1,0,1,1,0,0,0,0,0,0,0,0,0,1,1,0,0,0,0,0,1
345,stubsi66,0,1,1,0,1,0,0,0,1,0,1,1,0,0,1,1,1,0,0,0,0,0,0
346,suesse3933,0,0,1,0,1,0,0,0,0,1,0,0,1,0,1,1,0,0,0,0,0,0,1
347,sugalip,0,1,0,1,1,0,1,0,0,0,1,1,0,0,0,1,1,1,0,0,0,0,0
348,sylvia864,0,0,0,0,1,0,0,0,0,1,0,1,1,0,1,1,0,1,0,0,0,0,0
349,truderdanny,1,0,1,0,0,1,0,0,0,0,1,1,0,0,1,1,1,0,0,0,0,0,1
350,uschi1750,0,1,1,0,1,0,0,0,1,0,0,1,0,0,1,0,0,1,0,0,0,0,0
351,vimalp p,0,0,0,0,1,0,0,0,1,0,0,1,0,1,0,1,0,0,0,0,0,0,1
352,xtk112358,0,1,1,0,1,1,0,0,0,0,1,1,0,0,1,1,0,0,0,0,0,0,0
353,ysenta,0,0,0,1,1,0,1,0,0,0,0,0,0,0,0,0,0,0,0,0,0,0,0
354,Żaneta K,0,1,0,0,1,0,0,0,1,0,0,1,0,0,1,1,1,1,0,0,0,0,0
